Busname,Bustype,Departing_time,Reaching_time,Duration,Price,Seats_available,Star_rating,Route_links,Route_names,State_name
Jai Hanuman Travels,A/C Seater / Sleeper (2+2),22:20,05:00,06h 40m,495,53 Seats available,"3.6
48",https://www.redbus.in/bus-tickets/patna-to-bettiah,Patna (Bihar) to Bettiah,Bihar
Jai Mata Di Tour and Travels,A/C Seater / Sleeper (2+2),22:40,04:00,05h 20m,INR 450,19 Seats available,"3.4
20",https://www.redbus.in/bus-tickets/patna-to-bettiah,Patna (Bihar) to Bettiah,Bihar
Jai Mata Di Tour and Travels,A/C Seater / Sleeper (2+2),20:28,02:00,05h 32m,INR 500,6 Seats available,"2.0
6",https://www.redbus.in/bus-tickets/patna-to-bettiah,Patna (Bihar) to Bettiah,Bihar
V.I.P Travels,A/C Seater / Sleeper (2+2),21:40,03:40,06h 00m,INR 350,51 Seats available,"2.8
10",https://www.redbus.in/bus-tickets/patna-to-bettiah,Patna (Bihar) to Bettiah,Bihar
Bihar state road transport corporation (BSRTC) - 150571,Non AC Seater (2+2),21:20,01:00,03h 40m,INR 230,33 Seats available,"3.7
11",https://www.redbus.in/bus-tickets/patna-to-motihari,Patna (Bihar) to Motihari,Bihar
Jai Hanuman Travels,A/C Seater / Sleeper (2+2),22:20,03:15,04h 55m,495,53 Seats available,3.1,https://www.redbus.in/bus-tickets/patna-to-motihari,Patna (Bihar) to Motihari,Bihar
Jai Hanuman Travels,A/C Seater / Sleeper (2+2),22:00,04:00,06h 00m,495,54 Seats available,"4.5
4",https://www.redbus.in/bus-tickets/patna-to-motihari,Patna (Bihar) to Motihari,Bihar
Panwar Travels,A/C Seater / Sleeper (2+1),18:10,21:35,03h 25m,998,25 Seats available,2.8,https://www.redbus.in/bus-tickets/patna-to-motihari,Patna (Bihar) to Motihari,Bihar
Jai Mata Di Tour and Travels,A/C Seater / Sleeper (2+2),20:28,23:30,03h 02m,INR 500,6 Seats available,"1.1
5",https://www.redbus.in/bus-tickets/patna-to-motihari,Patna (Bihar) to Motihari,Bihar
Bihar state road transport corporation (BSRTC) - 170674,Non AC Seater (2+2),20:30,02:00,05h 30m,INR 285,23 Seats available,"2.3
14",https://www.redbus.in/bus-tickets/bettiah-to-patna,Bettiah to Patna (Bihar),Bihar
Jai Mata Di Tour and Travels,A/C Seater / Sleeper (2+2),22:00,05:00,07h 00m,INR 500,8 Seats available,"3.1
13",https://www.redbus.in/bus-tickets/bettiah-to-patna,Bettiah to Patna (Bihar),Bihar
ROYAL TRAVELS AND CARGO,A/C Seater / Sleeper (2+2),17:30,08:30,15h 00m,INR 1496,7 Seats available,"1.6
68",https://www.redbus.in/bus-tickets/gopalganj-to-delhi,Gopalganj (Bihar) to Delhi,Bihar
Shree Balajee Travels And Cargo,A/C Seater / Sleeper (2+2),20:00,14:30,18h 30m,1709,31 Seats available,1.3,https://www.redbus.in/bus-tickets/gopalganj-to-delhi,Gopalganj (Bihar) to Delhi,Bihar
Jai Mata Di Tour and Travels,A/C Seater / Sleeper (2+2),20:28,06:00,09h 32m,INR 500,6 Seats available,"1.7
11",https://www.redbus.in/bus-tickets/patna-to-balmiki-nagar-bihar,Patna (Bihar) to Balmiki Nagar (bihar),Bihar
Jai Mata Di Tour and Travels,A/C Seater / Sleeper (2+2),22:40,07:00,08h 20m,INR 450,20 Seats available,"1.8
10",https://www.redbus.in/bus-tickets/patna-to-balmiki-nagar-bihar,Patna (Bihar) to Balmiki Nagar (bihar),Bihar
Jai Mata Di Tour and Travels,A/C Seater / Sleeper (2+2),18:30,05:00,10h 30m,INR 500,10 Seats available,"2.2
6",https://www.redbus.in/bus-tickets/balmiki-nagar-bihar-to-patna,Balmiki Nagar (bihar) to Patna (Bihar),Bihar
Maa kali Travels,A/C Seater / Sleeper (2+2),17:15,12:45,19h 30m,INR 1599,39 Seats available,1.0,https://www.redbus.in/bus-tickets/delhi-to-motihari,Delhi to Motihari,Bihar
Bihar state road transport corporation (BSRTC) - 142847,AC Seater (2+2),21:25,06:30,09h 05m,INR 468,29 Seats available,"3.6
84",https://www.redbus.in/bus-tickets/patna-to-katihar,Patna (Bihar) to Katihar,Bihar
Sri Krishna Rath,A/C Seater / Sleeper (2+2),20:00,05:05,09h 05m,INR 750,20 Seats available,1.5,https://www.redbus.in/bus-tickets/patna-to-katihar,Patna (Bihar) to Katihar,Bihar
Sri Krishna Rath,A/C Seater / Sleeper (2+2),21:00,06:05,09h 05m,INR 900,10 Seats available,1.5,https://www.redbus.in/bus-tickets/patna-to-katihar,Patna (Bihar) to Katihar,Bihar
Bihar state road transport corporation (BSRTC) - 142847,AC Seater (2+2),21:25,05:40,08h 15m,INR 468,27 Seats available,"3.7
68",https://www.redbus.in/bus-tickets/patna-to-purnea,Patna (Bihar) to Purnea,Bihar
Aitiana Airwings,Benz A/C Sleeper (2+1),21:00,06:00,09h 00m,INR 500,7 Seats available,"4.1
193",https://www.redbus.in/bus-tickets/patna-to-purnea,Patna (Bihar) to Purnea,Bihar
Divya Rath,A/C Sleeper (2+1),20:45,05:45,09h 00m,INR 750,5 Seats available,"4.3
148",https://www.redbus.in/bus-tickets/patna-to-purnea,Patna (Bihar) to Purnea,Bihar
Raj Bus Services,A/C Seater / Sleeper (2+1),19:25,05:05,09h 40m,463,4 Seats available,"4.3
8",https://www.redbus.in/bus-tickets/patna-to-purnea,Patna (Bihar) to Purnea,Bihar
AITIANA CRUISELINERS,A/C Seater / Sleeper (2+1),21:15,06:15,09h 00m,INR 600,6 Seats available,"3.4
97",https://www.redbus.in/bus-tickets/patna-to-purnea,Patna (Bihar) to Purnea,Bihar
MAA KAMAKHYA DREAMLINER,A/C Seater / Sleeper (2+1),20:40,05:00,08h 20m,495,17 Seats available,"3.5
48",https://www.redbus.in/bus-tickets/patna-to-purnea,Patna (Bihar) to Purnea,Bihar
Shree Sai Krishna Luxury,A/C Seater / Sleeper (2+1),21:15,07:15,10h 00m,630,11 Seats available,"3.9
9",https://www.redbus.in/bus-tickets/patna-to-purnea,Patna (Bihar) to Purnea,Bihar
Maa Satyabhama Rath,A/C Seater / Sleeper (2+1),21:00,06:00,09h 00m,INR 600,10 Seats available,"3.7
20",https://www.redbus.in/bus-tickets/patna-to-purnea,Patna (Bihar) to Purnea,Bihar
Shatabdi Travels,A/C Seater / Sleeper (2+1),22:00,07:00,09h 00m,665,3 Seats available,"3.3
29",https://www.redbus.in/bus-tickets/patna-to-purnea,Patna (Bihar) to Purnea,Bihar
Raj Bus Services,Bharat Benz A/C Seater /Sleeper (2+1),18:25,03:35,09h 10m,463,1 Seat available,3.9,https://www.redbus.in/bus-tickets/patna-to-purnea,Patna (Bihar) to Purnea,Bihar
Sri Krishna Tours and Travels,A/C Seater / Sleeper (2+2),20:30,05:20,08h 50m,INR 600,39 Seats available,3.2,https://www.redbus.in/bus-tickets/patna-to-purnea,Patna (Bihar) to Purnea,Bihar
Raj Bus Services,A/C Seater / Sleeper (2+1),16:55,03:05,10h 10m,463,5 Seats available,3.9,https://www.redbus.in/bus-tickets/patna-to-purnea,Patna (Bihar) to Purnea,Bihar
Raj Bus Services,Bharat Benz A/C Seater /Sleeper (2+1),20:35,05:35,09h 00m,463,7 Seats available,"3.1
4",https://www.redbus.in/bus-tickets/patna-to-purnea,Patna (Bihar) to Purnea,Bihar
Mahuli Travels,A/C Seater/Sleeper (2+1),20:50,05:50,09h 00m,INR 500,38 Seats available,3.6,https://www.redbus.in/bus-tickets/patna-to-purnea,Patna (Bihar) to Purnea,Bihar
Sree Balaji Travels,A/C Seater / Sleeper (2+1),20:15,05:00,08h 45m,INR 500,13 Seats available,1.7,https://www.redbus.in/bus-tickets/patna-to-purnea,Patna (Bihar) to Purnea,Bihar
Shivam Travels,NON A/C Seater / Sleeper (2+2),21:00,06:30,09h 30m,INR 450,40 Seats available,"1.1
5",https://www.redbus.in/bus-tickets/patna-to-purnea,Patna (Bihar) to Purnea,Bihar
Raj Rath,A/C Seater / Sleeper (2+2),20:30,05:15,08h 45m,INR 500,6 Seats available,2.4,https://www.redbus.in/bus-tickets/patna-to-purnea,Patna (Bihar) to Purnea,Bihar
Jay Jagdambay Tour And Travels,A/C Seater / Sleeper (2+1),17:00,02:30,09h 30m,630,8 Seats available,2.1,https://www.redbus.in/bus-tickets/patna-to-purnea,Patna (Bihar) to Purnea,Bihar
Sri Krishna Rath,A/C Seater / Sleeper (2+2),20:00,05:15,09h 15m,INR 450,19 Seats available,2.1,https://www.redbus.in/bus-tickets/patna-to-purnea,Patna (Bihar) to Purnea,Bihar
Sadhvi Rath,A/C Seater / Sleeper (2+1),20:20,06:20,10h 00m,INR 570,24 Seats available,"2.8
27",https://www.redbus.in/bus-tickets/patna-to-purnea,Patna (Bihar) to Purnea,Bihar
Aarush Krrish,A/C Seater / Sleeper (2+1),21:00,06:00,09h 00m,525,29 Seats available,"2.0
9",https://www.redbus.in/bus-tickets/patna-to-purnea,Patna (Bihar) to Purnea,Bihar
Sri Krishna Rath,A/C Seater / Sleeper (2+2),21:00,06:15,09h 15m,INR 600,12 Seats available,2.1,https://www.redbus.in/bus-tickets/patna-to-purnea,Patna (Bihar) to Purnea,Bihar
Bihar state road transport corporation (BSRTC) - 153614,AC Seater (2+2),20:55,07:30,10h 35m,INR 605,15 Seats available,"3.1
42",https://www.redbus.in/bus-tickets/ranchi-to-muzaffarpur,Ranchi to Muzaffarpur (Bihar),Bihar
JGD Travels Pvt Ltd.,Bharat Benz A/C Sleeper (2+1),20:35,06:15,09h 40m,990,15 Seats available,"3.9
95",https://www.redbus.in/bus-tickets/ranchi-to-muzaffarpur,Ranchi to Muzaffarpur (Bihar),Bihar
Jai Mata Di Tour and Travels,A/C Seater / Sleeper (2+2),18:45,04:15,09h 30m,INR 1000,4 Seats available,"1.8
7",https://www.redbus.in/bus-tickets/ranchi-to-muzaffarpur,Ranchi to Muzaffarpur (Bihar),Bihar
Tejas Maa Bhawani,A/C Seater / Sleeper (2+2),18:15,05:30,11h 15m,INR 800,8 Seats available,"1.7
10",https://www.redbus.in/bus-tickets/ranchi-to-muzaffarpur,Ranchi to Muzaffarpur (Bihar),Bihar
Jai Mata Di Tour and Travels,AC Seater (2+2),20:00,05:00,09h 00m,INR 1200,2 Seats available,2.3,https://www.redbus.in/bus-tickets/ranchi-to-muzaffarpur,Ranchi to Muzaffarpur (Bihar),Bihar
Tejas Maa Bhawani,Non AC Seater (2+2),17:45,05:30,11h 45m,INR 725,21 Seats available,1.6,https://www.redbus.in/bus-tickets/ranchi-to-muzaffarpur,Ranchi to Muzaffarpur (Bihar),Bihar
Sri Krishna Rath,A/C Seater / Sleeper (2+2),22:00,08:00,10h 00m,INR 900,16 Seats available,1.0,https://www.redbus.in/bus-tickets/ranchi-to-muzaffarpur,Ranchi to Muzaffarpur (Bihar),Bihar
Bihar state road transport corporation (BSRTC) - 153614,AC Seater (2+2),20:55,05:30,08h 35m,INR 500,15 Seats available,"3.6
63",https://www.redbus.in/bus-tickets/ranchi-to-patna,Ranchi to Patna (Bihar),Bihar
MAA SHANTI TRAVELS,A/C Seater / Sleeper (2+1),22:20,05:55,07h 35m,INR 800,7 Seats available,"4.5
106",https://www.redbus.in/bus-tickets/ranchi-to-patna,Ranchi to Patna (Bihar),Bihar
MAA SHANTI TRAVELS,A/C Seater / Sleeper (2+1),22:50,06:10,07h 20m,INR 800,17 Seats available,4.0,https://www.redbus.in/bus-tickets/ranchi-to-patna,Ranchi to Patna (Bihar),Bihar
Prithvi Vahan,Bharat Benz A/C Sleeper (2+1),21:30,05:10,07h 40m,810,4 Seats available,"4.7
37",https://www.redbus.in/bus-tickets/ranchi-to-patna,Ranchi to Patna (Bihar),Bihar
Rajdhani bus service,A/C Sleeper (2+1),23:00,05:50,06h 50m,925,3 Seats available,"4.1
4",https://www.redbus.in/bus-tickets/ranchi-to-patna,Ranchi to Patna (Bihar),Bihar
Divya Rath,A/C Sleeper (2+1),22:10,05:30,07h 20m,INR 1200,7 Seats available,"4.3
28",https://www.redbus.in/bus-tickets/ranchi-to-patna,Ranchi to Patna (Bihar),Bihar
MAA SHANTI TRAVELS,A/C Seater/Sleeper (2+1),21:00,06:35,09h 35m,INR 650,18 Seats available,"3.9
287",https://www.redbus.in/bus-tickets/ranchi-to-patna,Ranchi to Patna (Bihar),Bihar
Arzoo Travels,Bharat Benz A/C Seater /Sleeper (2+1),21:00,05:00,08h 00m,INR 600,11 Seats available,"3.6
88",https://www.redbus.in/bus-tickets/ranchi-to-patna,Ranchi to Patna (Bihar),Bihar
Mahuli Travels,A/C Seater/Sleeper (2+1),21:15,06:15,09h 00m,INR 550,7 Seats available,"3.8
99",https://www.redbus.in/bus-tickets/ranchi-to-patna,Ranchi to Patna (Bihar),Bihar
Puja Rath,A/C Seater / Sleeper (2+1),20:30,05:30,09h 00m,540,3 Seats available,"3.6
49",https://www.redbus.in/bus-tickets/ranchi-to-patna,Ranchi to Patna (Bihar),Bihar
Sri Sai ( Jharkhand Paryatak),A/C Seater / Sleeper (2+1),21:15,06:00,08h 45m,416,9 Seats available,"3.4
46",https://www.redbus.in/bus-tickets/ranchi-to-patna,Ranchi to Patna (Bihar),Bihar
Rekha Luxury,A/C Seater / Sleeper (2+1),20:30,06:00,09h 30m,INR 700,2 Seats available,"3.9
201",https://www.redbus.in/bus-tickets/ranchi-to-patna,Ranchi to Patna (Bihar),Bihar
VIJAY RATH,A/C Seater / Sleeper (2+1),22:00,06:10,08h 10m,698,14 Seats available,"3.1
40",https://www.redbus.in/bus-tickets/ranchi-to-patna,Ranchi to Patna (Bihar),Bihar
Chandralok Travels,A/C Seater / Sleeper (2+1),21:35,06:30,08h 55m,INR 525,37 Seats available,"3.0
44",https://www.redbus.in/bus-tickets/ranchi-to-patna,Ranchi to Patna (Bihar),Bihar
Pihu (yvts),A/C Seater / Sleeper (2+1),21:55,06:10,08h 15m,INR 650,7 Seats available,"3.3
4",https://www.redbus.in/bus-tickets/ranchi-to-patna,Ranchi to Patna (Bihar),Bihar
Udan Pari Dlx,A/C Seater / Sleeper (2+1),17:30,02:00,08h 30m,INR 1000,12 Seats available,1.3,https://www.redbus.in/bus-tickets/ranchi-to-patna,Ranchi to Patna (Bihar),Bihar
Sri Krishna Rath,A/C Seater / Sleeper (2+2),22:00,06:00,08h 00m,INR 550,16 Seats available,1.6,https://www.redbus.in/bus-tickets/ranchi-to-patna,Ranchi to Patna (Bihar),Bihar
BD Parivahan,A/C Seater / Sleeper (2+2),21:00,06:00,09h 00m,INR 1000,60 Seats available,1.5,https://www.redbus.in/bus-tickets/ranchi-to-patna,Ranchi to Patna (Bihar),Bihar
Rajdhani bus service,Non A/C Seater / Sleeper (2+1),21:40,05:00,07h 20m,555,13 Seats available,"2.0
10",https://www.redbus.in/bus-tickets/ranchi-to-patna,Ranchi to Patna (Bihar),Bihar
Maharani Express,A/C Seater / Sleeper (2+2),23:15,08:15,09h 00m,INR 800,20 Seats available,"1.9
28",https://www.redbus.in/bus-tickets/ranchi-to-patna,Ranchi to Patna (Bihar),Bihar
JGD Travels Pvt Ltd.,Bharat Benz A/C Sleeper (2+1),20:35,04:00,07h 25m,990,15 Seats available,"1.8
10",https://www.redbus.in/bus-tickets/ranchi-to-patna,Ranchi to Patna (Bihar),Bihar
Tejas Maa Bhawani,A/C Sleeper (2+1),18:29,03:50,09h 21m,INR 749,26 Seats available,2.0,https://www.redbus.in/bus-tickets/ranchi-to-patna,Ranchi to Patna (Bihar),Bihar
Tejas Maa Bhawani,A/C Seater / Sleeper (2+2),18:15,04:01,09h 46m,INR 750,8 Seats available,2.0,https://www.redbus.in/bus-tickets/ranchi-to-patna,Ranchi to Patna (Bihar),Bihar
Tejas Maa Bhawani,Non AC Seater (2+2),17:45,04:01,10h 16m,INR 725,21 Seats available,2.0,https://www.redbus.in/bus-tickets/ranchi-to-patna,Ranchi to Patna (Bihar),Bihar
Bihar state road transport corporation (BSRTC) - 153614,AC Seater (2+2),23:15,05:30,06h 15m,INR 377,15 Seats available,"3.6
44",https://www.redbus.in/bus-tickets/hazaribagh-to-patna,Hazaribagh to Patna (Bihar),Bihar
MAA SHANTI TRAVELS,A/C Seater/Sleeper (2+1),23:30,06:35,07h 05m,INR 650,19 Seats available,"3.6
22",https://www.redbus.in/bus-tickets/hazaribagh-to-patna,Hazaribagh to Patna (Bihar),Bihar
Rajdhani bus service,Non A/C Seater / Sleeper (2+1),23:45,05:00,05h 15m,509,13 Seats available,"3.3
5",https://www.redbus.in/bus-tickets/hazaribagh-to-patna,Hazaribagh to Patna (Bihar),Bihar
Tejas Maa Bhawani,Non AC Seater (2+2),21:00,04:01,07h 01m,INR 725,21 Seats available,2.0,https://www.redbus.in/bus-tickets/hazaribagh-to-patna,Hazaribagh to Patna (Bihar),Bihar
Arzoo Travels,Bharat Benz A/C Seater /Sleeper (2+1),23:30,05:00,05h 30m,INR 600,11 Seats available,"1.2
6",https://www.redbus.in/bus-tickets/hazaribagh-to-patna,Hazaribagh to Patna (Bihar),Bihar
Mahuli Travels,A/C Seater/Sleeper (2+1),23:59,06:15,06h 16m,INR 600,8 Seats available,"2.9
12",https://www.redbus.in/bus-tickets/hazaribagh-to-patna,Hazaribagh to Patna (Bihar),Bihar
Pappu Travels (yvts),A/C Seater/Sleeper (2+1),20:00,02:40,06h 40m,INR 800,8 Seats available,3.0,https://www.redbus.in/bus-tickets/hazaribagh-to-patna,Hazaribagh to Patna (Bihar),Bihar
Rekha Luxury,A/C Seater / Sleeper (2+1),23:35,06:00,06h 25m,INR 700,2 Seats available,"3.4
13",https://www.redbus.in/bus-tickets/hazaribagh-to-patna,Hazaribagh to Patna (Bihar),Bihar
Prithvi Vahan,Bharat Benz A/C Sleeper (2+1),23:45,05:10,05h 25m,810,3 Seats available,4.4,https://www.redbus.in/bus-tickets/hazaribagh-to-patna,Hazaribagh to Patna (Bihar),Bihar
Tejas Maa Bhawani,A/C Seater / Sleeper (2+2),21:35,04:01,06h 26m,INR 750,8 Seats available,2.0,https://www.redbus.in/bus-tickets/hazaribagh-to-patna,Hazaribagh to Patna (Bihar),Bihar
BD Parivahan,A/C Seater / Sleeper (2+2),23:50,06:00,06h 10m,INR 1000,60 Seats available,1.5,https://www.redbus.in/bus-tickets/hazaribagh-to-patna,Hazaribagh to Patna (Bihar),Bihar
Bihar state road transport corporation (BSRTC) - 153594,AC Seater (2+2),18:00,06:00,12h 00m,INR 605,4 Seats available,"3.9
60",https://www.redbus.in/bus-tickets/muzaffarpur-to-ranchi,Muzaffarpur (Bihar) to Ranchi,Bihar
Tejas Maa Bhawani,Non AC Seater (2+2),18:30,05:30,11h 00m,INR 2000,41 Seats available,2.9,https://www.redbus.in/bus-tickets/muzaffarpur-to-ranchi,Muzaffarpur (Bihar) to Ranchi,Bihar
Bihar state road transport corporation (BSRTC) - 150571,Non AC Seater (2+2),21:20,04:30,07h 10m,INR 293,33 Seats available,"3.3
29",https://www.redbus.in/bus-tickets/patna-to-raxaul,Patna (Bihar) to Raxaul,Bihar
sapna travels(A.T),A/C Seater / Sleeper (2+2),21:00,05:00,08h 00m,450,34 Seats available,2.8,https://www.redbus.in/bus-tickets/patna-to-raxaul,Patna (Bihar) to Raxaul,Bihar
Jai Hanuman Travels,A/C Seater / Sleeper (2+2),22:00,05:00,07h 00m,495,52 Seats available,"2.2
38",https://www.redbus.in/bus-tickets/patna-to-raxaul,Patna (Bihar) to Raxaul,Bihar
Bihar state road transport corporation (BSRTC) - 156563,AC Seater (2+2),19:00,04:00,09h 00m,INR 468,26 Seats available,"3.1
28",https://www.redbus.in/bus-tickets/purnea-to-patna,Purnea to Patna (Bihar),Bihar
MAA SHANTI TRAVELS,A/C Seater / Sleeper (2+1),20:10,05:00,08h 50m,INR 700,19 Seats available,"4.1
124",https://www.redbus.in/bus-tickets/purnea-to-patna,Purnea to Patna (Bihar),Bihar
Aitiana Airwings,Benz A/C Sleeper (2+1),21:00,05:00,08h 00m,INR 650,4 Seats available,"4.3
49",https://www.redbus.in/bus-tickets/purnea-to-patna,Purnea to Patna (Bihar),Bihar
AITIANA CRUISELINERS,Bharat Benz A/C Seater /Sleeper (2+1),20:15,05:15,09h 00m,INR 500,11 Seats available,"3.6
58",https://www.redbus.in/bus-tickets/purnea-to-patna,Purnea to Patna (Bihar),Bihar
Divya Rath,A/C Sleeper (2+1),20:30,05:30,09h 00m,INR 700,4 Seats available,"3.5
56",https://www.redbus.in/bus-tickets/purnea-to-patna,Purnea to Patna (Bihar),Bihar
Sadhvi Rath,A/C Seater / Sleeper (2+1),19:36,05:36,10h 00m,INR 550,5 Seats available,"4.1
17",https://www.redbus.in/bus-tickets/purnea-to-patna,Purnea to Patna (Bihar),Bihar
MAA KAMAKHYA DREAMLINER,A/C Seater / Sleeper (2+1),20:10,05:00,08h 50m,495,9 Seats available,"3.2
22",https://www.redbus.in/bus-tickets/purnea-to-patna,Purnea to Patna (Bihar),Bihar
Aarush Krrish,A/C Seater / Sleeper (2+1),21:00,05:30,08h 30m,525,25 Seats available,"2.8
15",https://www.redbus.in/bus-tickets/purnea-to-patna,Purnea to Patna (Bihar),Bihar
Maa Satyabhama Rath,A/C Seater / Sleeper (2+1),21:00,06:00,09h 00m,INR 600,19 Seats available,"4.1
37",https://www.redbus.in/bus-tickets/purnea-to-patna,Purnea to Patna (Bihar),Bihar
MAA SHANTI TRAVELS,A/C Seater / Sleeper (2+1),20:45,05:15,08h 30m,INR 750,4 Seats available,"3.6
45",https://www.redbus.in/bus-tickets/purnea-to-patna,Purnea to Patna (Bihar),Bihar
Raj Bus Services,A/C Seater / Sleeper (2+2),22:45,07:45,09h 00m,463,3 Seats available,3.4,https://www.redbus.in/bus-tickets/purnea-to-patna,Purnea to Patna (Bihar),Bihar
Shatabdi Travels,A/C Seater / Sleeper (2+1),19:30,04:30,09h 00m,523,20 Seats available,"3.6
27",https://www.redbus.in/bus-tickets/purnea-to-patna,Purnea to Patna (Bihar),Bihar
Sameer Travels (GT),A/C Seater / Sleeper (2+2),23:40,06:30,06h 50m,INR 550,4 Seats available,"2.0
5",https://www.redbus.in/bus-tickets/purnea-to-patna,Purnea to Patna (Bihar),Bihar
Sree Balaji Travels,A/C Seater / Sleeper (2+1),19:30,04:30,09h 00m,INR 500,4 Seats available,"1.0
5",https://www.redbus.in/bus-tickets/purnea-to-patna,Purnea to Patna (Bihar),Bihar
Mahuli Travels,A/C Seater / Sleeper (2+1),19:45,05:05,09h 20m,INR 500,17 Seats available,3.6,https://www.redbus.in/bus-tickets/purnea-to-patna,Purnea to Patna (Bihar),Bihar
Vivek Travels (yvts),A/C Seater/Sleeper (2+1),22:00,05:20,07h 20m,INR 650,10 Seats available,1.3,https://www.redbus.in/bus-tickets/purnea-to-patna,Purnea to Patna (Bihar),Bihar
Shivam Travels,NON A/C Seater / Sleeper (2+2),20:30,05:00,08h 30m,INR 450,43 Seats available,1.1,https://www.redbus.in/bus-tickets/purnea-to-patna,Purnea to Patna (Bihar),Bihar
Sri Krishna Rath,A/C Seater / Sleeper (2+2),21:00,04:15,07h 15m,INR 449,23 Seats available,1.1,https://www.redbus.in/bus-tickets/purnea-to-patna,Purnea to Patna (Bihar),Bihar
Bihar state road transport corporation (BSRTC) - 153594,AC Seater (2+2),20:41,04:00,07h 19m,INR 396,4 Seats available,"3.0
51",https://www.redbus.in/bus-tickets/patna-to-hazaribagh,Patna (Bihar) to Hazaribagh,Bihar
Rajdhani bus service,Non A/C Seater / Sleeper (2+1),18:30,01:30,07h 00m,555,8 Seats available,3.4,https://www.redbus.in/bus-tickets/patna-to-hazaribagh,Patna (Bihar) to Hazaribagh,Bihar
Rekha Luxury,A/C Seater / Sleeper (2+1),20:00,04:00,08h 00m,INR 580,4 Seats available,"4.1
11",https://www.redbus.in/bus-tickets/patna-to-hazaribagh,Patna (Bihar) to Hazaribagh,Bihar
Sri Sai ( Jharkhand Paryatak),A/C Seater / Sleeper (2+1),20:00,03:30,07h 30m,459,8 Seats available,"3.5
15",https://www.redbus.in/bus-tickets/patna-to-hazaribagh,Patna (Bihar) to Hazaribagh,Bihar
Mahuli Travels,A/C Seater/Sleeper (2+1),21:00,04:00,07h 00m,INR 642,31 Seats available,"3.2
5",https://www.redbus.in/bus-tickets/patna-to-hazaribagh,Patna (Bihar) to Hazaribagh,Bihar
Sadhvi Rath,A/C Seater / Sleeper (2+1),20:40,02:40,06h 00m,INR 670,40 Seats available,"2.1
9",https://www.redbus.in/bus-tickets/patna-to-hazaribagh,Patna (Bihar) to Hazaribagh,Bihar
Puja Rath,A/C Seater / Sleeper (2+1),21:00,03:30,06h 30m,540,21 Seats available,"1.8
7",https://www.redbus.in/bus-tickets/patna-to-hazaribagh,Patna (Bihar) to Hazaribagh,Bihar
Sri Krishna Rath,A/C Seater / Sleeper (2+2),21:15,03:30,06h 15m,INR 499,21 Seats available, ,https://www.redbus.in/bus-tickets/patna-to-hazaribagh,Patna (Bihar) to Hazaribagh,Bihar
Chandralok Travels,A/C Seater / Sleeper (2+1),21:20,04:30,07h 10m,INR 525,32 Seats available,"2.2
4",https://www.redbus.in/bus-tickets/patna-to-hazaribagh,Patna (Bihar) to Hazaribagh,Bihar
Tejas Maa Bhawani,Non AC Seater (2+2),21:30,02:30,05h 00m,INR 2000,41 Seats available,2.0,https://www.redbus.in/bus-tickets/patna-to-hazaribagh,Patna (Bihar) to Hazaribagh,Bihar
Rajshri Travels,A/C Seater / Sleeper (2+1),22:00,05:00,07h 00m,INR 429,34 Seats available,"2.7
7",https://www.redbus.in/bus-tickets/patna-to-hazaribagh,Patna (Bihar) to Hazaribagh,Bihar
Sri Krishna Rath,A/C Seater / Sleeper (2+1),22:15,04:30,06h 15m,INR 500,56 Seats available, ,https://www.redbus.in/bus-tickets/patna-to-hazaribagh,Patna (Bihar) to Hazaribagh,Bihar
Shubham Travels,A/C Seater / Sleeper (2+1),19:30,01:50,06h 20m,875,22 Seats available,New,https://www.redbus.in/bus-tickets/patna-to-hazaribagh,Patna (Bihar) to Hazaribagh,Bihar
Divya Rath,A/C Sleeper (2+1),20:15,03:00,06h 45m,INR 1200,4 Seats available,4.3,https://www.redbus.in/bus-tickets/patna-to-hazaribagh,Patna (Bihar) to Hazaribagh,Bihar
MAA SHANTI TRAVELS,A/C Seater / Sleeper (2+1),20:27,03:15,06h 48m,INR 1000,2 Seats available,4.0,https://www.redbus.in/bus-tickets/patna-to-hazaribagh,Patna (Bihar) to Hazaribagh,Bihar
MAA SHANTI TRAVELS,A/C Seater/Sleeper (2+1),21:25,04:20,06h 55m,INR 900,17 Seats available,"4.5
11",https://www.redbus.in/bus-tickets/patna-to-hazaribagh,Patna (Bihar) to Hazaribagh,Bihar
Pappu Travels (yvts),A/C Seater/Sleeper (2+1),21:30,03:30,06h 00m,INR 800,10 Seats available,3.0,https://www.redbus.in/bus-tickets/patna-to-hazaribagh,Patna (Bihar) to Hazaribagh,Bihar
Maharani Express,A/C Seater / Sleeper (2+2),18:00,00:55,06h 55m,INR 800,30 Seats available,2.3,https://www.redbus.in/bus-tickets/patna-to-hazaribagh,Patna (Bihar) to Hazaribagh,Bihar
Sri Krishna Rath,A/C Seater / Sleeper (2+2),20:00,00:00,04h 00m,INR 1499,62 Seats available,1.6,https://www.redbus.in/bus-tickets/patna-to-hazaribagh,Patna (Bihar) to Hazaribagh,Bihar
BD Parivahan,A/C Seater / Sleeper (2+2),20:00,03:00,07h 00m,INR 1000,50 Seats available,1.5,https://www.redbus.in/bus-tickets/patna-to-hazaribagh,Patna (Bihar) to Hazaribagh,Bihar
Tejas Maa Bhawani,A/C Seater / Sleeper (2+2),20:01,02:30,06h 29m,INR 1000,6 Seats available,2.0,https://www.redbus.in/bus-tickets/patna-to-hazaribagh,Patna (Bihar) to Hazaribagh,Bihar
Sri Krishna Rath,A/C Seater/Sleeper (2+1),20:20,03:45,07h 25m,INR 1500,40 Seats available, ,https://www.redbus.in/bus-tickets/patna-to-hazaribagh,Patna (Bihar) to Hazaribagh,Bihar
Yogmaya,NON A/C Seater / Sleeper (2+2),20:45,02:30,05h 45m,INR 350,64 Seats available,3.5,https://www.redbus.in/bus-tickets/patna-to-darbhanga,Patna (Bihar) to Darbhanga,Bihar
Shiv Ganga Travels,NON A/C Seater (2+2),17:09,21:30,04h 21m,INR 300,36 Seats available,1.2,https://www.redbus.in/bus-tickets/patna-to-darbhanga,Patna (Bihar) to Darbhanga,Bihar
Sri Krishna Rath,A/C Seater / Sleeper (2+2),20:00,23:00,03h 00m,INR 450,13 Seats available,1.6,https://www.redbus.in/bus-tickets/patna-to-darbhanga,Patna (Bihar) to Darbhanga,Bihar
Ayan Benz,A/C Seater / Sleeper (2+1),20:00,00:30,04h 30m,INR 350,42 Seats available,"1.0
1",https://www.redbus.in/bus-tickets/patna-to-darbhanga,Patna (Bihar) to Darbhanga,Bihar
Krishna Airwings,A/C Seater / Sleeper (2+2),20:30,23:30,03h 00m,INR 500,59 Seats available,1.0,https://www.redbus.in/bus-tickets/patna-to-darbhanga,Patna (Bihar) to Darbhanga,Bihar
Sri Krishna Tours and Travels,A/C Seater / Sleeper (2+2),20:30,23:50,03h 20m,INR 550,38 Seats available,2.8,https://www.redbus.in/bus-tickets/patna-to-darbhanga,Patna (Bihar) to Darbhanga,Bihar
Sri Krishna Rath,A/C Seater / Sleeper (2+2),21:00,00:00,03h 00m,INR 500,16 Seats available,1.6,https://www.redbus.in/bus-tickets/patna-to-darbhanga,Patna (Bihar) to Darbhanga,Bihar
Bihar state road transport corporation (BSRTC) - 153594,AC Seater (2+2),20:41,06:00,09h 19m,INR 525,4 Seats available,"2.6
50",https://www.redbus.in/bus-tickets/patna-to-ranchi,Patna (Bihar) to Ranchi,Bihar
VIJAY RATH,A/C Seater / Sleeper (2+1),19:16,04:45,09h 29m,INR 735,15 Seats available,"4.7
32",https://www.redbus.in/bus-tickets/patna-to-ranchi,Patna (Bihar) to Ranchi,Bihar
Rekha Luxury,A/C Seater / Sleeper (2+1),20:00,06:00,10h 00m,INR 580,2 Seats available,"4.2
259",https://www.redbus.in/bus-tickets/patna-to-ranchi,Patna (Bihar) to Ranchi,Bihar
MAA SHANTI TRAVELS,A/C Seater / Sleeper (2+1),20:27,04:15,07h 48m,INR 1000,1 Seat available,"4.4
133",https://www.redbus.in/bus-tickets/patna-to-ranchi,Patna (Bihar) to Ranchi,Bihar
Prithvi Vahan,Bharat Benz A/C Sleeper (2+1),20:15,05:00,08h 45m,810,2 Seats available,"4.0
32",https://www.redbus.in/bus-tickets/patna-to-ranchi,Patna (Bihar) to Ranchi,Bihar
Divya Rath,A/C Sleeper (2+1),20:15,04:30,08h 15m,INR 1200,2 Seats available,"4.3
47",https://www.redbus.in/bus-tickets/patna-to-ranchi,Patna (Bihar) to Ranchi,Bihar
Mahuli Travels,A/C Seater/Sleeper (2+1),21:00,06:00,09h 00m,INR 642,26 Seats available,"3.8
79",https://www.redbus.in/bus-tickets/patna-to-ranchi,Patna (Bihar) to Ranchi,Bihar
Sri Sai ( Jharkhand Paryatak),A/C Seater / Sleeper (2+1),20:00,04:30,08h 30m,459,7 Seats available,"3.8
81",https://www.redbus.in/bus-tickets/patna-to-ranchi,Patna (Bihar) to Ranchi,Bihar
MAA SHANTI TRAVELS,A/C Seater/Sleeper (2+1),21:25,06:45,09h 20m,INR 900,6 Seats available,"3.7
285",https://www.redbus.in/bus-tickets/patna-to-ranchi,Patna (Bihar) to Ranchi,Bihar
Shubham Travels,A/C Seater / Sleeper (2+1),19:30,03:30,08h 00m,831,21 Seats available,"3.4
5",https://www.redbus.in/bus-tickets/patna-to-ranchi,Patna (Bihar) to Ranchi,Bihar
Pappu Travels (yvts),A/C Seater/Sleeper (2+1),21:30,06:00,08h 30m,INR 800,9 Seats available,3.0,https://www.redbus.in/bus-tickets/patna-to-ranchi,Patna (Bihar) to Ranchi,Bihar
Yarana Travels,NON AC Seater / Sleeper 2+1,18:01,03:00,08h 59m,INR 550,6 Seats available,3.2,https://www.redbus.in/bus-tickets/patna-to-ranchi,Patna (Bihar) to Ranchi,Bihar
Pihu (yvts),A/C Seater / Sleeper (2+1),19:30,04:10,08h 40m,INR 700,6 Seats available,"3.0
4",https://www.redbus.in/bus-tickets/patna-to-ranchi,Patna (Bihar) to Ranchi,Bihar
Sadhvi Rath,A/C Seater / Sleeper (2+1),20:40,05:40,09h 00m,INR 670,20 Seats available,"2.9
159",https://www.redbus.in/bus-tickets/patna-to-ranchi,Patna (Bihar) to Ranchi,Bihar
Sri Krishna Rath,A/C Seater / Sleeper (2+1),22:15,05:30,07h 15m,INR 550,11 Seats available, ,https://www.redbus.in/bus-tickets/patna-to-ranchi,Patna (Bihar) to Ranchi,Bihar
Chandralok Travels,A/C Seater / Sleeper (2+1),21:20,06:10,08h 50m,INR 525,28 Seats available,"2.7
67",https://www.redbus.in/bus-tickets/patna-to-ranchi,Patna (Bihar) to Ranchi,Bihar
Puja Rath,A/C Seater / Sleeper (2+1),21:00,05:40,08h 40m,540,17 Seats available,"2.8
44",https://www.redbus.in/bus-tickets/patna-to-ranchi,Patna (Bihar) to Ranchi,Bihar
Maa Bhawani Travels,A/C Seater / Sleeper (2+1),21:45,05:30,07h 45m,540,14 Seats available,"2.4
28",https://www.redbus.in/bus-tickets/patna-to-ranchi,Patna (Bihar) to Ranchi,Bihar
Sri Krishna Rath,A/C Seater / Sleeper (2+2),21:15,04:30,07h 15m,INR 499,25 Seats available, ,https://www.redbus.in/bus-tickets/patna-to-ranchi,Patna (Bihar) to Ranchi,Bihar
Sri Krishna Rath,A/C Seater/Sleeper (2+1),20:20,04:45,08h 25m,INR 1500,9 Seats available, ,https://www.redbus.in/bus-tickets/patna-to-ranchi,Patna (Bihar) to Ranchi,Bihar
Maharani Express,A/C Seater / Sleeper (2+2),18:00,03:45,09h 45m,INR 800,30 Seats available,"2.0
8",https://www.redbus.in/bus-tickets/patna-to-ranchi,Patna (Bihar) to Ranchi,Bihar
Rajdhani bus service,Non A/C Seater / Sleeper (2+1),18:30,03:15,08h 45m,555,11 Seats available,"2.1
7",https://www.redbus.in/bus-tickets/patna-to-ranchi,Patna (Bihar) to Ranchi,Bihar
Tejas Maa Bhawani,Non AC Seater (2+2),21:30,05:30,08h 00m,INR 2000,41 Seats available,1.9,https://www.redbus.in/bus-tickets/patna-to-ranchi,Patna (Bihar) to Ranchi,Bihar
BD Parivahan,A/C Seater / Sleeper (2+2),20:00,05:00,09h 00m,INR 1000,50 Seats available,1.5,https://www.redbus.in/bus-tickets/patna-to-ranchi,Patna (Bihar) to Ranchi,Bihar
Bihar state road transport corporation (BSRTC) - 142847,AC Seater (2+2),21:25,04:35,07h 10m,INR 468,27 Seats available,"2.9
14",https://www.redbus.in/bus-tickets/patna-to-araria,Patna (Bihar) to Araria (Bihar),Bihar
Divya Rath,A/C Sleeper (2+1),20:45,04:45,08h 00m,INR 750,4 Seats available,"4.4
49",https://www.redbus.in/bus-tickets/patna-to-araria,Patna (Bihar) to Araria (Bihar),Bihar
AITIANA CRUISELINERS,A/C Seater / Sleeper (2+1),21:15,05:30,08h 15m,INR 600,6 Seats available,"4.3
44",https://www.redbus.in/bus-tickets/patna-to-araria,Patna (Bihar) to Araria (Bihar),Bihar
Sadhvi Rath,A/C Seater / Sleeper (2+1),20:20,05:10,08h 50m,INR 570,24 Seats available,"3.2
39",https://www.redbus.in/bus-tickets/patna-to-araria,Patna (Bihar) to Araria (Bihar),Bihar
Hawa Hawai,A/C Seater / Sleeper (2+1),20:00,04:00,08h 00m,525,11 Seats available,"3.0
17",https://www.redbus.in/bus-tickets/patna-to-araria,Patna (Bihar) to Araria (Bihar),Bihar
Maa Satyabhama Rath,A/C Seater / Sleeper (2+1),21:00,05:30,08h 30m,INR 600,8 Seats available,"4.0
21",https://www.redbus.in/bus-tickets/patna-to-araria,Patna (Bihar) to Araria (Bihar),Bihar
Shatabdi Travels,A/C Seater / Sleeper (2+1),22:00,06:00,08h 00m,665,1 Seat available,"4.1
17",https://www.redbus.in/bus-tickets/patna-to-araria,Patna (Bihar) to Araria (Bihar),Bihar
Shree Sai Krishna Luxury,A/C Seater / Sleeper (2+1),21:15,06:30,09h 15m,630,6 Seats available,"4.0
13",https://www.redbus.in/bus-tickets/patna-to-araria,Patna (Bihar) to Araria (Bihar),Bihar
Sri Krishna Rath,A/C Seater / Sleeper (2+2),20:00,04:45,08h 45m,INR 450,24 Seats available,1.6,https://www.redbus.in/bus-tickets/patna-to-araria,Patna (Bihar) to Araria (Bihar),Bihar
Mahuli Travels,A/C Seater/Sleeper (2+1),20:50,04:45,07h 55m,INR 500,37 Seats available,3.6,https://www.redbus.in/bus-tickets/patna-to-araria,Patna (Bihar) to Araria (Bihar),Bihar
Sri Krishna Tours and Travels,A/C Seater / Sleeper (2+2),20:30,04:55,08h 25m,INR 600,44 Seats available,3.2,https://www.redbus.in/bus-tickets/patna-to-araria,Patna (Bihar) to Araria (Bihar),Bihar
Sri Krishna Rath,A/C Seater / Sleeper (2+2),21:00,05:50,08h 50m,INR 500,16 Seats available,1.6,https://www.redbus.in/bus-tickets/patna-to-araria,Patna (Bihar) to Araria (Bihar),Bihar
Bihar state road transport corporation (BSRTC) - 153594,AC Seater (2+2),18:00,04:00,10h 00m,INR 484,4 Seats available,"3.9
34",https://www.redbus.in/bus-tickets/muzaffarpur-to-hazaribagh,Muzaffarpur (Bihar) to Hazaribagh,Bihar
Tejas Maa Bhawani,AC Sleeper (2+1),18:45,03:25,08h 40m,INR 2500,2 Seats available,2.0,https://www.redbus.in/bus-tickets/muzaffarpur-to-hazaribagh,Muzaffarpur (Bihar) to Hazaribagh,Bihar
Tejas Maa Bhawani,Non AC Seater (2+2),18:30,02:30,08h 00m,INR 2000,41 Seats available,2.0,https://www.redbus.in/bus-tickets/muzaffarpur-to-hazaribagh,Muzaffarpur (Bihar) to Hazaribagh,Bihar
Bihar state road transport corporation (BSRTC) - 152896,Non AC Seater (2+2),21:59,06:00,08h 01m,INR 400,8 Seats available,"3.2
10",https://www.redbus.in/bus-tickets/patna-to-saharsa,Patna (Bihar) to Saharsa,Bihar
Sri Krishna Rath,A/C Seater / Sleeper (2+2),19:00,02:30,07h 30m,INR 650,62 Seats available, ,https://www.redbus.in/bus-tickets/patna-to-saharsa,Patna (Bihar) to Saharsa,Bihar
Sri Krishna Rath,A/C Seater / Sleeper (2+2),20:00,03:30,07h 30m,INR 650,19 Seats available,1.6,https://www.redbus.in/bus-tickets/patna-to-saharsa,Patna (Bihar) to Saharsa,Bihar
Tiwari Motors,A/C Seater / Sleeper (2+1),20:00,05:05,09h 05m,INR 499,24 Seats available,2.0,https://www.redbus.in/bus-tickets/patna-to-saharsa,Patna (Bihar) to Saharsa,Bihar
Raj Rath,A/C Seater / Sleeper (2+2),21:00,06:00,09h 00m,INR 425,22 Seats available,"2.5
56",https://www.redbus.in/bus-tickets/patna-to-saharsa,Patna (Bihar) to Saharsa,Bihar
Sri Krishna Rath,A/C Seater / Sleeper (2+2),21:00,04:30,07h 30m,INR 700,19 Seats available,1.6,https://www.redbus.in/bus-tickets/patna-to-saharsa,Patna (Bihar) to Saharsa,Bihar
Bihar state road transport corporation (BSRTC) - 156563,AC Seater (2+2),18:00,04:00,10h 00m,INR 468,26 Seats available,"3.3
26",https://www.redbus.in/bus-tickets/katihar-to-patna,Katihar to Patna (Bihar),Bihar
SOBHA TRAVELS (A.T),A/C Seater / Sleeper (2+1),20:00,05:00,09h 00m,495,8 Seats available,"1.8
11",https://www.redbus.in/bus-tickets/katihar-to-patna,Katihar to Patna (Bihar),Bihar
Samay Shatabdi Travels Pvt Ltd,AC Sleeper (2+1),22:01,06:16,08h 15m,INR 1399,5 Seats available,"2.9
13",https://www.redbus.in/bus-tickets/gopalganj-to-lucknow,Gopalganj (Bihar) to Lucknow,Bihar
Panwar Travels,A/C Sleeper (2+1),17:30,01:40,08h 10m,2850,1 Seat available,2.8,https://www.redbus.in/bus-tickets/gopalganj-to-lucknow,Gopalganj (Bihar) to Lucknow,Bihar
Panwar Travels,A/C Seater / Sleeper (2+1),23:10,06:20,07h 10m,998,24 Seats available,2.8,https://www.redbus.in/bus-tickets/gopalganj-to-lucknow,Gopalganj (Bihar) to Lucknow,Bihar
Baba Khatushyam Travels Pvt Ltd,A/C Seater / Sleeper (3+1),19:00,03:00,08h 00m,INR 1500,48 Seats available,1.6,https://www.redbus.in/bus-tickets/gopalganj-to-lucknow,Gopalganj (Bihar) to Lucknow,Bihar
Travel Point World LLP,A/C Seater / Sleeper (2+2),20:20,03:20,07h 00m,1709,38 Seats available,1.6,https://www.redbus.in/bus-tickets/gopalganj-to-lucknow,Gopalganj (Bihar) to Lucknow,Bihar
Kusum Travels and Logistics,NON A/C Sleeper (2+1),17:30,01:45,08h 15m,INR 3799,40 Seats available,1.5,https://www.redbus.in/bus-tickets/gopalganj-to-lucknow,Gopalganj (Bihar) to Lucknow,Bihar
Shree Balajee Travels And Cargo,A/C Seater / Sleeper (2+2),20:00,03:30,07h 30m,1709,72 Seats available,1.3,https://www.redbus.in/bus-tickets/gopalganj-to-lucknow,Gopalganj (Bihar) to Lucknow,Bihar
Shree Balajee Travels And Cargo,A/C Sleeper (2+1),23:01,04:01,05h 00m,1349,36 Seats available,1.3,https://www.redbus.in/bus-tickets/gopalganj-to-lucknow,Gopalganj (Bihar) to Lucknow,Bihar
Shree Balajee Travels And Cargo,NON A/C Seater/ Sleeper (2+1),18:00,23:30,05h 30m,1350,28 Seats available,1.3,https://www.redbus.in/bus-tickets/gopalganj-to-lucknow,Gopalganj (Bihar) to Lucknow,Bihar
Shree Balajee Travels And Cargo,A/C Seater / Sleeper (2+1),17:00,01:00,08h 00m,1709,46 Seats available,1.3,https://www.redbus.in/bus-tickets/gopalganj-to-lucknow,Gopalganj (Bihar) to Lucknow,Bihar
Bihar state road transport corporation (BSRTC) - 142847,AC Seater (2+2),21:25,04:00,06h 35m,INR 450,27 Seats available,"3.7
16",https://www.redbus.in/bus-tickets/patna-to-forbesganj,Patna (Bihar) to Forbesganj,Bihar
Divya Rath,A/C Sleeper (2+1),20:45,03:45,07h 00m,INR 750,4 Seats available,"4.7
14",https://www.redbus.in/bus-tickets/patna-to-forbesganj,Patna (Bihar) to Forbesganj,Bihar
Raj Bus Services,Bharat Benz A/C Seater /Sleeper (2+1),20:35,04:05,07h 30m,463,4 Seats available,3.4,https://www.redbus.in/bus-tickets/patna-to-forbesganj,Patna (Bihar) to Forbesganj,Bihar
Raj Bus Services,Bharat Benz A/C Seater /Sleeper (2+1),18:25,02:15,07h 50m,463,1 Seat available,3.4,https://www.redbus.in/bus-tickets/patna-to-forbesganj,Patna (Bihar) to Forbesganj,Bihar
Raj Bus Services,A/C Seater / Sleeper (2+1),19:25,04:05,08h 40m,463,5 Seats available,3.4,https://www.redbus.in/bus-tickets/patna-to-forbesganj,Patna (Bihar) to Forbesganj,Bihar
Raj Bus Services,A/C Seater / Sleeper (2+1),16:55,02:05,09h 10m,463,9 Seats available,3.4,https://www.redbus.in/bus-tickets/patna-to-forbesganj,Patna (Bihar) to Forbesganj,Bihar
Maa Satyabhama Rath,A/C Seater / Sleeper (2+1),21:00,04:45,07h 45m,INR 600,8 Seats available,"3.6
15",https://www.redbus.in/bus-tickets/patna-to-forbesganj,Patna (Bihar) to Forbesganj,Bihar
Sadhvi Rath,A/C Seater / Sleeper (2+1),20:20,03:05,06h 45m,INR 570,24 Seats available,3.1,https://www.redbus.in/bus-tickets/patna-to-forbesganj,Patna (Bihar) to Forbesganj,Bihar
Shatabdi Travels,A/C Seater / Sleeper (2+1),22:00,05:45,07h 45m,665,1 Seat available,"4.2
4",https://www.redbus.in/bus-tickets/patna-to-forbesganj,Patna (Bihar) to Forbesganj,Bihar
Shree Sai Krishna Luxury,A/C Seater / Sleeper (2+1),21:15,06:10,08h 55m,630,13 Seats available,4.1,https://www.redbus.in/bus-tickets/patna-to-forbesganj,Patna (Bihar) to Forbesganj,Bihar
Aarush Krrish,A/C Seater / Sleeper (2+1),21:00,04:00,07h 00m,525,29 Seats available,2.3,https://www.redbus.in/bus-tickets/patna-to-forbesganj,Patna (Bihar) to Forbesganj,Bihar
Sri Krishna Rath,A/C Seater / Sleeper (2+2),20:00,03:30,07h 30m,INR 400,25 Seats available,1.6,https://www.redbus.in/bus-tickets/patna-to-forbesganj,Patna (Bihar) to Forbesganj,Bihar
Mahuli Travels,A/C Seater/Sleeper (2+1),20:50,04:00,07h 10m,INR 500,41 Seats available,3.6,https://www.redbus.in/bus-tickets/patna-to-forbesganj,Patna (Bihar) to Forbesganj,Bihar
Sri Krishna Tours and Travels,A/C Seater / Sleeper (2+2),20:30,04:10,07h 40m,INR 600,29 Seats available,3.2,https://www.redbus.in/bus-tickets/patna-to-forbesganj,Patna (Bihar) to Forbesganj,Bihar
Sri Krishna Rath,A/C Seater / Sleeper (2+2),21:00,04:30,07h 30m,INR 550,8 Seats available,1.6,https://www.redbus.in/bus-tickets/patna-to-forbesganj,Patna (Bihar) to Forbesganj,Bihar
Sri Krishna Rath,A/C Seater / Sleeper (2+2),19:00,02:30,07h 30m,INR 400,62 Seats available, ,https://www.redbus.in/bus-tickets/patna-to-forbesganj,Patna (Bihar) to Forbesganj,Bihar
Bihar state road transport corporation (BSRTC) - 152185,Volvo AC Seater 2+2,22:30,06:00,07h 30m,INR 700,1 Seat available,"3.4
21",https://www.redbus.in/bus-tickets/lucknow-to-gopalganj,Lucknow to Gopalganj (Bihar),Bihar
MISHRA BANDHU BUS SERVICE,A/C Seater / Sleeper (2+1),21:30,05:00,07h 30m,INR 849,20 Seats available,"2.8
20",https://www.redbus.in/bus-tickets/lucknow-to-gopalganj,Lucknow to Gopalganj (Bihar),Bihar
Samay Shatabdi Travels Pvt Ltd,AC Sleeper (2+1),21:00,03:45,06h 45m,INR 1199,9 Seats available,"2.9
7",https://www.redbus.in/bus-tickets/lucknow-to-gopalganj,Lucknow to Gopalganj (Bihar),Bihar
Panwar Travels,A/C Seater / Sleeper (2+1),21:30,04:05,06h 35m,903,22 Seats available,2.8,https://www.redbus.in/bus-tickets/lucknow-to-gopalganj,Lucknow to Gopalganj (Bihar),Bihar
Gorakhdham Express Bus Service,A/C Seater / Sleeper (2+2),23:55,07:30,07h 35m,INR 635,1 Seat available,"1.3
5",https://www.redbus.in/bus-tickets/lucknow-to-gopalganj,Lucknow to Gopalganj (Bihar),Bihar
Shree Balajee Travels And Cargo,A/C Seater / Sleeper (2+1),23:30,07:30,08h 00m,1349,47 Seats available,1.3,https://www.redbus.in/bus-tickets/lucknow-to-gopalganj,Lucknow to Gopalganj (Bihar),Bihar
Amar Jyoti Travels,A/C Seater / Sleeper (2+2),23:59,07:00,07h 01m,INR 2500,26 Seats available,1.2,https://www.redbus.in/bus-tickets/lucknow-to-gopalganj,Lucknow to Gopalganj (Bihar),Bihar
New India Bus Service,A/C Seater / Sleeper (2+2),23:30,07:00,07h 30m,INR 1899,24 Seats available,1.0,https://www.redbus.in/bus-tickets/lucknow-to-gopalganj,Lucknow to Gopalganj (Bihar),Bihar
Bihar state road transport corporation (BSRTC) - 153614,AC Seater (2+2),23:15,07:30,08h 15m,INR 484,15 Seats available,"2.8
21",https://www.redbus.in/bus-tickets/hazaribagh-to-muzaffarpur,Hazaribagh to Muzaffarpur (Bihar),Bihar
Pawapuri Motors,A/C Seater / Sleeper (2+1),21:45,05:45,08h 00m,765,8 Seats available,"1.5
5",https://www.redbus.in/bus-tickets/hazaribagh-to-muzaffarpur,Hazaribagh to Muzaffarpur (Bihar),Bihar
Tejas Maa Bhawani,A/C Seater / Sleeper (2+2),21:35,05:30,07h 55m,INR 750,8 Seats available,2.0,https://www.redbus.in/bus-tickets/hazaribagh-to-muzaffarpur,Hazaribagh to Muzaffarpur (Bihar),Bihar
Tejas Maa Bhawani,Non AC Seater (2+2),21:00,05:30,08h 30m,INR 725,21 Seats available,2.0,https://www.redbus.in/bus-tickets/hazaribagh-to-muzaffarpur,Hazaribagh to Muzaffarpur (Bihar),Bihar
Baba Khatushyam Travels Pvt Ltd,A/C Seater / Sleeper (3+1),17:35,03:00,09h 25m,INR 1500,48 Seats available,1.6,https://www.redbus.in/bus-tickets/motihari-to-lucknow,Motihari to Lucknow,Bihar
Travel Point World LLP,A/C Seater / Sleeper (2+2),18:20,03:20,09h 00m,1709,38 Seats available,1.6,https://www.redbus.in/bus-tickets/motihari-to-lucknow,Motihari to Lucknow,Bihar
Shree Balajee Travels And Cargo,A/C Sleeper (2+1),21:31,04:01,06h 30m,1349,36 Seats available,1.3,https://www.redbus.in/bus-tickets/motihari-to-lucknow,Motihari to Lucknow,Bihar
Bihar state road transport corporation (BSRTC) - 153614,AC Seater (2+2),20:55,03:30,06h 35m,INR 396,18 Seats available,"2.7
21",https://www.redbus.in/bus-tickets/ranchi-to-bihar-sharif,Ranchi to Bihar Sharif,Bihar
MAA SHANTI TRAVELS,A/C Seater/Sleeper (2+1),21:00,04:45,07h 45m,INR 650,19 Seats available,"3.9
5",https://www.redbus.in/bus-tickets/ranchi-to-bihar-sharif,Ranchi to Bihar Sharif,Bihar
VIJAY RATH,A/C Seater / Sleeper (2+1),22:00,04:00,06h 00m,698,14 Seats available,"2.7
12",https://www.redbus.in/bus-tickets/ranchi-to-bihar-sharif,Ranchi to Bihar Sharif,Bihar
MAA SHANTI TRAVELS,A/C Seater / Sleeper (2+1),22:20,04:40,06h 20m,INR 900,20 Seats available,"2.8
5",https://www.redbus.in/bus-tickets/ranchi-to-bihar-sharif,Ranchi to Bihar Sharif,Bihar
Sri Sai ( Jharkhand Paryatak),A/C Seater / Sleeper (2+1),21:15,03:30,06h 15m,416,5 Seats available,3.9,https://www.redbus.in/bus-tickets/ranchi-to-bihar-sharif,Ranchi to Bihar Sharif,Bihar
MAA SHANTI TRAVELS,Non A/C Seater / Sleeper (2+1),22:50,04:00,05h 10m,INR 800,27 Seats available,3.4,https://www.redbus.in/bus-tickets/ranchi-to-bihar-sharif,Ranchi to Bihar Sharif,Bihar
Mahuli Travels,A/C Seater/Sleeper (2+1),21:15,03:50,06h 35m,INR 550,43 Seats available,"3.1
11",https://www.redbus.in/bus-tickets/ranchi-to-bihar-sharif,Ranchi to Bihar Sharif,Bihar
Chandralok Travels,A/C Seater / Sleeper (2+1),21:35,04:00,06h 25m,INR 525,37 Seats available,"1.0
7",https://www.redbus.in/bus-tickets/ranchi-to-bihar-sharif,Ranchi to Bihar Sharif,Bihar
JGD Travels Pvt Ltd.,Bharat Benz A/C Sleeper (2+1),20:35,02:15,05h 40m,990,22 Seats available,3.0,https://www.redbus.in/bus-tickets/ranchi-to-bihar-sharif,Ranchi to Bihar Sharif,Bihar
Toofan Deluxe,A/C Seater / Sleeper (2+2),18:30,01:00,06h 30m,INR 600,30 Seats available,2.4,https://www.redbus.in/bus-tickets/ranchi-to-bihar-sharif,Ranchi to Bihar Sharif,Bihar
Tejas Maa Bhawani,A/C Seater / Sleeper (2+2),18:15,02:00,07h 45m,INR 750,8 Seats available,2.0,https://www.redbus.in/bus-tickets/ranchi-to-bihar-sharif,Ranchi to Bihar Sharif,Bihar
Sri Krishna Rath,A/C Seater / Sleeper (2+2),22:00,05:00,07h 00m,INR 600,16 Seats available,1.6,https://www.redbus.in/bus-tickets/ranchi-to-bihar-sharif,Ranchi to Bihar Sharif,Bihar
BD Parivahan,A/C Seater / Sleeper (2+2),21:00,04:30,07h 30m,INR 1000,60 Seats available,1.5,https://www.redbus.in/bus-tickets/ranchi-to-bihar-sharif,Ranchi to Bihar Sharif,Bihar
Baba Khatushyam Travels Pvt Ltd,A/C Seater / Sleeper (3+1),17:35,07:30,13h 55m,INR 1500,50 Seats available,1.6,https://www.redbus.in/bus-tickets/motihari-to-agra,Motihari to Agra,Bihar
Travel Point World LLP,A/C Seater / Sleeper (2+2),18:20,06:50,12h 30m,1709,37 Seats available,1.6,https://www.redbus.in/bus-tickets/motihari-to-agra,Motihari to Agra,Bihar
Bihar state road transport corporation (BSRTC) - 160830,Non AC Seater (2+3),21:30,00:01,02h 31m,INR 129,52 Seats available,3.2,https://www.redbus.in/bus-tickets/patna-to-muzaffarpur,Patna (Bihar) to Muzaffarpur (Bihar),Bihar
Rohit Sewa,NON A/C Seater (2+2),17:16,19:16,02h 00m,INR 130,41 Seats available,3.0,https://www.redbus.in/bus-tickets/patna-to-muzaffarpur,Patna (Bihar) to Muzaffarpur (Bihar),Bihar
Rohit Sewa,NON A/C Seater (2+2),17:40,19:40,02h 00m,INR 130,42 Seats available,3.0,https://www.redbus.in/bus-tickets/patna-to-muzaffarpur,Patna (Bihar) to Muzaffarpur (Bihar),Bihar
Rohit Sewa,NON A/C Seater (2+2),18:04,20:04,02h 00m,INR 130,42 Seats available,3.0,https://www.redbus.in/bus-tickets/patna-to-muzaffarpur,Patna (Bihar) to Muzaffarpur (Bihar),Bihar
Rohit Sewa,NON A/C Seater (2+2),18:14,20:14,02h 00m,INR 130,42 Seats available,3.0,https://www.redbus.in/bus-tickets/patna-to-muzaffarpur,Patna (Bihar) to Muzaffarpur (Bihar),Bihar
Rohit Sewa,NON A/C Seater (2+2),19:17,21:17,02h 00m,INR 130,42 Seats available,3.0,https://www.redbus.in/bus-tickets/patna-to-muzaffarpur,Patna (Bihar) to Muzaffarpur (Bihar),Bihar
Rohit Sewa,NON A/C Seater (2+2),20:32,22:32,02h 00m,INR 130,42 Seats available,3.0,https://www.redbus.in/bus-tickets/patna-to-muzaffarpur,Patna (Bihar) to Muzaffarpur (Bihar),Bihar
Jai Jagdish Shiv Dulari,Leyland A/C Seater Executive (2+2),17:30,20:00,02h 30m,INR 150,53 Seats available,New,https://www.redbus.in/bus-tickets/patna-to-muzaffarpur,Patna (Bihar) to Muzaffarpur (Bihar),Bihar
Jai Jagdish Shiv Dulari,Leyland A/C Seater Executive (2+2),18:30,21:00,02h 30m,INR 150,53 Seats available,New,https://www.redbus.in/bus-tickets/patna-to-muzaffarpur,Patna (Bihar) to Muzaffarpur (Bihar),Bihar
New Travel India,A/C Seater Push Back (2+2),18:45,21:00,02h 15m,INR 200,40 Seats available,1.2,https://www.redbus.in/bus-tickets/patna-to-muzaffarpur,Patna (Bihar) to Muzaffarpur (Bihar),Bihar
New Travel India,A/C Seater Push Back (2+2),18:55,20:50,01h 55m,INR 200,36 Seats available,1.2,https://www.redbus.in/bus-tickets/patna-to-muzaffarpur,Patna (Bihar) to Muzaffarpur (Bihar),Bihar
Super Pandav,Non AC Seater (2+2),18:58,21:00,02h 02m,INR 180,45 Seats available, ,https://www.redbus.in/bus-tickets/patna-to-muzaffarpur,Patna (Bihar) to Muzaffarpur (Bihar),Bihar
Jai Jagdish Shiv Dulari,Leyland A/C Seater Executive (2+2),19:00,21:30,02h 30m,INR 150,53 Seats available,New,https://www.redbus.in/bus-tickets/patna-to-muzaffarpur,Patna (Bihar) to Muzaffarpur (Bihar),Bihar
Ayan Benz,A/C Seater / Sleeper (2+1),20:00,23:00,03h 00m,INR 350,42 Seats available,2.0,https://www.redbus.in/bus-tickets/patna-to-muzaffarpur,Patna (Bihar) to Muzaffarpur (Bihar),Bihar
Sree Balaji Travels,A/C Seater / Sleeper (2+1),20:15,22:30,02h 15m,INR 150,13 Seats available,1.7,https://www.redbus.in/bus-tickets/patna-to-muzaffarpur,Patna (Bihar) to Muzaffarpur (Bihar),Bihar
Aman Rath,A/C Seater / Sleeper (2+1),20:15,22:15,02h 00m,450,13 Seats available,3.9,https://www.redbus.in/bus-tickets/patna-to-muzaffarpur,Patna (Bihar) to Muzaffarpur (Bihar),Bihar
Sadhvi Rath,A/C Seater / Sleeper (2+1),20:20,22:20,02h 00m,INR 570,48 Seats available,3.1,https://www.redbus.in/bus-tickets/patna-to-muzaffarpur,Patna (Bihar) to Muzaffarpur (Bihar),Bihar
Sri Krishna Tours and Travels,A/C Seater / Sleeper (2+2),20:30,22:50,02h 20m,INR 550,47 Seats available,3.4,https://www.redbus.in/bus-tickets/patna-to-muzaffarpur,Patna (Bihar) to Muzaffarpur (Bihar),Bihar
Aman Rath,A/C Seater / Sleeper (2+1),20:45,22:45,02h 00m,450,13 Seats available,3.9,https://www.redbus.in/bus-tickets/patna-to-muzaffarpur,Patna (Bihar) to Muzaffarpur (Bihar),Bihar
Sri Krishna Rath,A/C Seater / Sleeper (2+2),19:00,21:00,02h 00m,INR 450,62 Seats available, ,https://www.redbus.in/bus-tickets/patna-to-muzaffarpur,Patna (Bihar) to Muzaffarpur (Bihar),Bihar
Sri Krishna Rath,A/C Seater / Sleeper (2+2),20:00,22:00,02h 00m,INR 450,62 Seats available,1.6,https://www.redbus.in/bus-tickets/patna-to-muzaffarpur,Patna (Bihar) to Muzaffarpur (Bihar),Bihar
Royal Sundram,A/C Seater / Sleeper (2+1),20:15,22:15,02h 00m,INR 600,52 Seats available,2.3,https://www.redbus.in/bus-tickets/patna-to-muzaffarpur,Patna (Bihar) to Muzaffarpur (Bihar),Bihar
Sree Balaji Travels,NON A/C Seater / Sleeper (2+2),20:30,22:30,02h 00m,INR 450,22 Seats available,1.7,https://www.redbus.in/bus-tickets/patna-to-muzaffarpur,Patna (Bihar) to Muzaffarpur (Bihar),Bihar
Sri Krishna Rath,A/C Seater / Sleeper (2+2),21:00,23:00,02h 00m,INR 500,24 Seats available,1.6,https://www.redbus.in/bus-tickets/patna-to-muzaffarpur,Patna (Bihar) to Muzaffarpur (Bihar),Bihar
Jai Hanuman Travels,A/C Seater / Sleeper (2+2),22:20,00:15,01h 55m,495,54 Seats available,2.7,https://www.redbus.in/bus-tickets/patna-to-muzaffarpur,Patna (Bihar) to Muzaffarpur (Bihar),Bihar
Jai Mata Di Tour and Travels,A/C Seater / Sleeper (2+2),22:40,00:30,01h 50m,INR 450,19 Seats available,2.4,https://www.redbus.in/bus-tickets/patna-to-muzaffarpur,Patna (Bihar) to Muzaffarpur (Bihar),Bihar
Bihar state road transport corporation (BSRTC) - 117804,Volvo A/C Sleeper (2+1),20:15,09:30,13h 15m,INR 1400,3 Seats available,"4.1
9",https://www.redbus.in/bus-tickets/agra-to-motihari,Agra to Motihari,Bihar
Panwar Travels,A/C Sleeper (2+1),21:45,17:30,19h 45m,1900,15 Seats available,2.8,https://www.redbus.in/bus-tickets/agra-to-motihari,Agra to Motihari,Bihar
Shree Balajee Travels And Cargo,NON A/C Seater/ Sleeper (2+1),21:30,15:30,0-6h 00m,1350,38 Seats available,1.3,https://www.redbus.in/bus-tickets/agra-to-motihari,Agra to Motihari,Bihar
Shree Balajee Travels And Cargo,A/C Seater / Sleeper (2+1),18:00,09:00,15h 00m,1349,47 Seats available,1.3,https://www.redbus.in/bus-tickets/agra-to-motihari,Agra to Motihari,Bihar
Maa kali Travels,A/C Seater / Sleeper (2+2),21:25,12:45,15h 20m,INR 1599,39 Seats available,1.0,https://www.redbus.in/bus-tickets/agra-to-motihari,Agra to Motihari,Bihar
Bihar state road transport corporation (BSRTC) - 152185,Volvo AC Seater 2+2,22:30,07:00,08h 30m,INR 800,1 Seat available,"3.4
46",https://www.redbus.in/bus-tickets/lucknow-to-motihari,Lucknow to Motihari,Bihar
MISHRA BANDHU BUS SERVICE,A/C Seater / Sleeper (2+1),21:30,07:30,10h 00m,INR 849,19 Seats available,"3.0
60",https://www.redbus.in/bus-tickets/lucknow-to-motihari,Lucknow to Motihari,Bihar
Panwar Travels,A/C Seater / Sleeper (2+1),21:30,07:20,09h 50m,903,22 Seats available,"4.3
10",https://www.redbus.in/bus-tickets/lucknow-to-motihari,Lucknow to Motihari,Bihar
New India Bus Service,A/C Seater / Sleeper (2+2),23:30,09:00,09h 30m,INR 1899,24 Seats available,"1.0
4",https://www.redbus.in/bus-tickets/lucknow-to-motihari,Lucknow to Motihari,Bihar
Shree Balajee Travels And Cargo,A/C Seater / Sleeper (2+1),23:30,09:00,09h 30m,1349,47 Seats available,1.3,https://www.redbus.in/bus-tickets/lucknow-to-motihari,Lucknow to Motihari,Bihar
Bihar state road transport corporation (BSRTC) - 142847,AC Seater (2+2),21:25,02:30,05h 05m,INR 435,27 Seats available,"4.6
10",https://www.redbus.in/bus-tickets/patna-to-simrahi-bazar-bihar,Patna (Bihar) to Simrahi Bazar (Bihar),Bihar
VIJAY RATH,A/C Seater / Sleeper (2+1),20:30,03:00,06h 30m,INR 500,9 Seats available,3.7,https://www.redbus.in/bus-tickets/patna-to-simrahi-bazar-bihar,Patna (Bihar) to Simrahi Bazar (Bihar),Bihar
Raj Bus Services,Bharat Benz A/C Seater /Sleeper (2+1),20:35,03:35,07h 00m,463,10 Seats available,3.4,https://www.redbus.in/bus-tickets/patna-to-simrahi-bazar-bihar,Patna (Bihar) to Simrahi Bazar (Bihar),Bihar
Raj Bus Services,Bharat Benz A/C Seater /Sleeper (2+1),18:25,01:35,07h 10m,463,23 Seats available,3.4,https://www.redbus.in/bus-tickets/patna-to-simrahi-bazar-bihar,Patna (Bihar) to Simrahi Bazar (Bihar),Bihar
Raj Bus Services,A/C Seater / Sleeper (2+1),19:25,03:05,07h 40m,463,5 Seats available,3.4,https://www.redbus.in/bus-tickets/patna-to-simrahi-bazar-bihar,Patna (Bihar) to Simrahi Bazar (Bihar),Bihar
Raj Bus Services,A/C Seater / Sleeper (2+1),17:05,23:59,06h 54m,463,9 Seats available,3.4,https://www.redbus.in/bus-tickets/patna-to-simrahi-bazar-bihar,Patna (Bihar) to Simrahi Bazar (Bihar),Bihar
Shree Sai Krishna Luxury,A/C Seater / Sleeper (2+1),21:15,05:30,08h 15m,630,28 Seats available,4.1,https://www.redbus.in/bus-tickets/patna-to-simrahi-bazar-bihar,Patna (Bihar) to Simrahi Bazar (Bihar),Bihar
Aarush Krrish,A/C Seater / Sleeper (2+1),21:00,02:00,05h 00m,540,29 Seats available,2.3,https://www.redbus.in/bus-tickets/patna-to-simrahi-bazar-bihar,Patna (Bihar) to Simrahi Bazar (Bihar),Bihar
Sri Krishna Rath,A/C Seater / Sleeper (2+2),20:00,04:00,08h 00m,INR 370,62 Seats available,1.6,https://www.redbus.in/bus-tickets/patna-to-simrahi-bazar-bihar,Patna (Bihar) to Simrahi Bazar (Bihar),Bihar
Mahuli Travels,A/C Seater / Sleeper (2+1),20:50,03:00,06h 10m,INR 500,44 Seats available,3.6,https://www.redbus.in/bus-tickets/patna-to-simrahi-bazar-bihar,Patna (Bihar) to Simrahi Bazar (Bihar),Bihar
Sri Krishna Tours and Travels,A/C Seater / Sleeper (2+2),20:30,02:40,06h 10m,INR 600,47 Seats available,3.2,https://www.redbus.in/bus-tickets/patna-to-simrahi-bazar-bihar,Patna (Bihar) to Simrahi Bazar (Bihar),Bihar
Raj Rath,A/C Seater / Sleeper (2+2),21:00,03:30,06h 30m,INR 500,10 Seats available,2.4,https://www.redbus.in/bus-tickets/patna-to-simrahi-bazar-bihar,Patna (Bihar) to Simrahi Bazar (Bihar),Bihar
Tiwari Motors,A/C Seater / Sleeper (2+1),20:00,03:30,07h 30m,INR 449,12 Seats available,2.2,https://www.redbus.in/bus-tickets/patna-to-simrahi-bazar-bihar,Patna (Bihar) to Simrahi Bazar (Bihar),Bihar
Sri Krishna Rath,A/C Seater / Sleeper (2+2),21:00,05:00,08h 00m,INR 420,24 Seats available,1.6,https://www.redbus.in/bus-tickets/patna-to-simrahi-bazar-bihar,Patna (Bihar) to Simrahi Bazar (Bihar),Bihar
Sri Krishna Rath,A/C Seater / Sleeper (2+2),19:00,03:00,08h 00m,INR 370,62 Seats available, ,https://www.redbus.in/bus-tickets/patna-to-simrahi-bazar-bihar,Patna (Bihar) to Simrahi Bazar (Bihar),Bihar
Bihar state road transport corporation (BSRTC) - 153594,AC Seater (2+2),20:41,05:31,08h 50m,INR 466,4 Seats available,"2.8
7",https://www.redbus.in/bus-tickets/patna-to-ramgarh-jharkhand,Patna (Bihar) to Ramgarh (Jharkhand),Bihar
MAA SHANTI TRAVELS,A/C Seater/Sleeper (2+1),21:25,05:05,07h 40m,INR 900,8 Seats available,"4.2
6",https://www.redbus.in/bus-tickets/patna-to-ramgarh-jharkhand,Patna (Bihar) to Ramgarh (Jharkhand),Bihar
Rekha Luxury,A/C Seater / Sleeper (2+1),20:00,04:45,08h 45m,INR 580,2 Seats available,"3.2
7",https://www.redbus.in/bus-tickets/patna-to-ramgarh-jharkhand,Patna (Bihar) to Ramgarh (Jharkhand),Bihar
MAA SHANTI TRAVELS,A/C Seater / Sleeper (2+1),20:27,03:45,07h 18m,INR 1000,2 Seats available,4.1,https://www.redbus.in/bus-tickets/patna-to-ramgarh-jharkhand,Patna (Bihar) to Ramgarh (Jharkhand),Bihar
Mahuli Travels,A/C Seater/Sleeper (2+1),21:00,05:00,08h 00m,INR 642,29 Seats available,"4.4
17",https://www.redbus.in/bus-tickets/patna-to-ramgarh-jharkhand,Patna (Bihar) to Ramgarh (Jharkhand),Bihar
Rajdhani bus service,Non A/C Seater / Sleeper (2+1),18:30,02:15,07h 45m,555,6 Seats available,3.4,https://www.redbus.in/bus-tickets/patna-to-ramgarh-jharkhand,Patna (Bihar) to Ramgarh (Jharkhand),Bihar
Puja Rath,A/C Seater / Sleeper (2+1),21:00,04:00,07h 00m,540,21 Seats available,"2.4
7",https://www.redbus.in/bus-tickets/patna-to-ramgarh-jharkhand,Patna (Bihar) to Ramgarh (Jharkhand),Bihar
Chandralok Travels,A/C Seater / Sleeper (2+1),21:20,05:30,08h 10m,INR 525,28 Seats available,"2.6
5",https://www.redbus.in/bus-tickets/patna-to-ramgarh-jharkhand,Patna (Bihar) to Ramgarh (Jharkhand),Bihar
Pappu Travels (yvts),A/C Seater/Sleeper (2+1),21:30,04:30,07h 00m,INR 800,10 Seats available,3.0,https://www.redbus.in/bus-tickets/patna-to-ramgarh-jharkhand,Patna (Bihar) to Ramgarh (Jharkhand),Bihar
Maharani Express,A/C Seater / Sleeper (2+2),18:00,02:20,08h 20m,INR 800,33 Seats available,2.3,https://www.redbus.in/bus-tickets/patna-to-ramgarh-jharkhand,Patna (Bihar) to Ramgarh (Jharkhand),Bihar
Arzoo Travels,Bharat Benz A/C Seater /Sleeper (2+1),20:30,03:30,07h 00m,INR 600,1 Seat available,2.3,https://www.redbus.in/bus-tickets/patna-to-ramgarh-jharkhand,Patna (Bihar) to Ramgarh (Jharkhand),Bihar
Tejas Maa Bhawani,A/C Seater / Sleeper (2+2),20:01,03:50,07h 49m,INR 1000,6 Seats available,2.0,https://www.redbus.in/bus-tickets/patna-to-ramgarh-jharkhand,Patna (Bihar) to Ramgarh (Jharkhand),Bihar
Tejas Maa Bhawani,Non AC Seater (2+2),21:30,03:50,06h 20m,INR 2000,41 Seats available,2.0,https://www.redbus.in/bus-tickets/patna-to-ramgarh-jharkhand,Patna (Bihar) to Ramgarh (Jharkhand),Bihar
BD Parivahan,A/C Seater / Sleeper (2+2),20:00,04:00,08h 00m,INR 1000,50 Seats available,1.5,https://www.redbus.in/bus-tickets/patna-to-ramgarh-jharkhand,Patna (Bihar) to Ramgarh (Jharkhand),Bihar
Sri Krishna Rath,A/C Seater / Sleeper (2+2),21:15,04:15,07h 00m,INR 499,22 Seats available, ,https://www.redbus.in/bus-tickets/patna-to-ramgarh-jharkhand,Patna (Bihar) to Ramgarh (Jharkhand),Bihar
Sri Krishna Rath,A/C Seater / Sleeper (2+1),22:15,05:15,07h 00m,INR 550,11 Seats available, ,https://www.redbus.in/bus-tickets/patna-to-ramgarh-jharkhand,Patna (Bihar) to Ramgarh (Jharkhand),Bihar
Sri Krishna Rath,A/C Seater/Sleeper (2+1),20:20,06:30,10h 10m,INR 1500,9 Seats available, ,https://www.redbus.in/bus-tickets/patna-to-ramgarh-jharkhand,Patna (Bihar) to Ramgarh (Jharkhand),Bihar
